<?xml version="1.0" encoding="UTF-8"?>

<beans xmlns="http://www.springframework.org/schema/beans"
	   xmlns:xsi="http://www.w3.org/2001/XMLSchema-instance"
	   xsi:schemaLocation="http://www.springframework.org/schema/beans
http://www.springframework.org/schema/beans/spring-beans-2.5.xsd">
 
    <bean id="schedulerTask" 
      class="org.springframework.scheduling.timer.MethodInvokingTimerTaskFactoryBean">
	<property name="targetObject" ref="task" />
	<property name="targetMethod" value="printMe" />
    </bean>
 
    <bean id="task" class="cz.timepool.tasks.Task" />
 
    <bean id="timerTask"
      class="org.springframework.scheduling.timer.ScheduledTimerTask">
	<property name="timerTask" ref="schedulerTask" />
	<property name="delay" value="1000" />
	<property name="period" value="60000" />
    </bean>
 
    <bean class="org.springframework.scheduling.timer.TimerFactoryBean">
	<property name="scheduledTimerTasks">
	    <list>
		<ref local="timerTask" />
	    </list>
	</property>
    </bean>
 
</beans>
