<?xml version="1.0" encoding="UTF-8"?>

<beans:beans
    xmlns="http://www.springframework.org/schema/security"
    xmlns:beans="http://www.springframework.org/schema/beans"
    xmlns:xsi="http://www.w3.org/2001/XMLSchema-instance"
    xmlns:security="http://www.springframework.org/schema/security"
    xsi:schemaLocation="http://www.springframework.org/schema/beans
                         http://www.springframework.org/schema/beans/spring-beans-3.0.xsd
                        http://www.springframework.org/schema/security
                        http://www.springframework.org/schema/security/spring-security-3.1.xsd">

    <global-method-security secured-annotations="enabled" pre-post-annotations="enabled" />

    <beans:bean id="loggerListener" class="org.springframework.security.authentication.event.LoggerListener" />

    <http>
	<!--<form-login />-->
	<!-- lze take pouzit vlastni login stranku nasledujici konfiguraci: -->
	<form-login login-processing-url="/static/j_spring_security_check" login-page="/login.xhtml" authentication-failure-url="/login.xhtml?login_error=t" />
	<!-- login stranka pak musi obsahovat form s acion="static/j_spring_security_check" method="post", a dvema inputy: name="j_username", "j_password" -->
	<http-basic />
        
	<intercept-url pattern="/registration.xhtml" access="IS_AUTHENTICATED_ANONYMOUSLY" /> 
	<intercept-url pattern="/login.xhtml" access="IS_AUTHENTICATED_ANONYMOUSLY" /> 
	<intercept-url pattern="/resources/**" access="IS_AUTHENTICATED_ANONYMOUSLY"/>
	<!-- kdybychom pridali atribut requires-channel="https", vynuti to pouziti SSL -->
	<intercept-url pattern="/admin/**" access="ROLE_ADMIN"/>
	<intercept-url pattern="/**" access="ROLE_USER" />
        
	<logout logout-url="/static/j_spring_security_logout" />
    </http>
    
    <beans:bean id="authenticationProvider" class="cz.timepool.service.AuthenticationService">
	<beans:property name="genericDAO" ref="genericDao" />
	<beans:property name="transactionTemplate" ref="transactionTemplate" />
    </beans:bean>
    
    <security:authentication-manager alias="authenticationManager">
	<security:authentication-provider ref="authenticationProvider" />
    </security:authentication-manager>    
    
    <!--nekdy take lze pouzit jiz existujici, jednoduchy provider pro JDBC -->
    <!--security:authentication-manager>
 <security:authentication-provider>
     <security:jdbc-user-service data-source-ref="dataSource"
  users-by-username-query="SELECT username,password,true FROM person WHERE username=?"
  authorities-by-username-query="SELECT username,groupname FROM person WHERE username=?"
  role-prefix="ROLE_" />
     <security:password-encoder base64="false" hash="sha" />
 </security:authentication-provider>
    </security:authentication-manager-->
    
</beans:beans>