<?xml version='1.0' encoding='UTF-8'?>

<faces-config version="2.0" 
              xmlns="http://java.sun.com/xml/ns/javaee" 
              xmlns:xsi="http://www.w3.org/2001/XMLSchema-instance" 
              xsi:schemaLocation="http://java.sun.com/xml/ns/javaee http://java.sun.com/xml/ns/javaee/web-facesconfig_1_2.xsd">
    
    <application>
        
        <!-- This is needed if using spring beans in the EL expressions --> 
        <el-resolver>org.springframework.web.jsf.el.SpringBeanFacesELResolver</el-resolver>
        
        <!-- Localization configuration -->
        <locale-config>
            <default-locale>cs_CZ</default-locale>
            <supported-locale>en</supported-locale>
        </locale-config>
        
        <!-- Create a resource bundle -->
        <resource-bundle>
            <base-name>cz.timepool.pres.inter.timepool</base-name>
            <var>msg</var>
        </resource-bundle>
        
    </application>
    
</faces-config>
